[{"key":"2026tuak","name":"Ankara Regional","short_name":"Ankara","week":5,"start_date":"2026-04-07","end_date":"2026-04-09","city":"Etimesgut / Ankara","state_prov":"06","country":"T\u00fcrkiye","event_type":0,"event_type_string":"Regional","region":"T\u00fcrkiye"},{"key":"2026arc","name":"Archimedes Division","short_name":"Archimedes","week":null,"start_date":"2026-04-29","end_date":"2026-05-02","city":"Houston","state_prov":"TX","country":"USA","event_type":3,"event_type_string":"Championship Division","region":"Texas"},{"key":"2026azfg","name":"Arizona North Regional","short_name":"Arizona North","week":1,"start_date":"2026-03-11","end_date":"2026-03-14","city":"Flagstaff","state_prov":"AZ","country":"USA","event_type":0,"event_type_string":"Regional","region":"Mountain"},{"key":"2026arli","name":"Arkansas Regional","short_name":"Arkansas","week":2,"start_date":"2026-03-18","end_date":"2026-03-21","city":"Searcy","state_prov":"AR","country":"USA","event_type":0,"event_type_string":"Regional","region":"Southeast"},{"key":"2026tuis5","name":"Avrasya Regional","short_name":"Avrasya","week":4,"start_date":"2026-03-31","end_date":"2026-04-02","city":"Bak\u0131rk\u00f6y / \u0130stanbul","state_prov":"34","country":"T\u00fcrkiye","event_type":0,"event_type_string":"Regional","region":"T\u00fcrkiye"},{"key":"2026lake","name":"Bayou Regional","short_name":"Bayou","week":4,"start_date":"2026-04-01","end_date":"2026-04-04","city":"Kenner","state_prov":"LA","country":"USA","event_type":0,"event_type_string":"Regional","region":"Southeast"},{"key":"2026tuak2","name":"Ba\u015fkent Regional","short_name":"Ba\u015fkent","week":5,"start_date":"2026-04-10","end_date":"2026-04-12","city":"Etimesgut / Ankara","state_prov":"06","country":"T\u00fcrkiye","event_type":0,"event_type_string":"Regional","region":"T\u00fcrkiye"},{"key":"2026tuis2","name":"Bosphorus Regional","short_name":"Bosphorus","week":0,"start_date":"2026-03-06","end_date":"2026-03-08","city":"Ba\u015fak\u015fehir / \u0130stanbul","state_prov":"34","country":"T\u00fcrkiye","event_type":0,"event_type_string":"Regional","region":"T\u00fcrkiye"},{"key":"2026ohcl","name":"Buckeye Regional","short_name":"Buckeye","week":2,"start_date":"2026-03-18","end_date":"2026-03-21","city":"Cleveland","state_prov":"OH","country":"USA","event_type":0,"event_type_string":"Regional","region":"Midwest"},{"key":"2026caasv","name":"CA District Aerospace Valley Event","short_name":"Aerospace Valley","week":4,"start_date":"2026-04-02","end_date":"2026-04-04","city":"Lancaster","state_prov":"CA","country":"USA","event_type":1,"event_type_string":"District","region":"FIRST California"},{"key":"2026caclv","name":"CA District Central Valley Event","short_name":"Central Valley","week":3,"start_date":"2026-03-27","end_date":"2026-03-29","city":"Clovis","state_prov":"CA","country":"USA","event_type":1,"event_type_string":"District","region":"FIRST California"},{"key":"2026cacac","name":"CA District Contra Costa Event","short_name":"Contra Costa","week":4,"start_date":"2026-04-02","end_date":"2026-04-04","city":"Pittsburg","state_prov":"CA","country":"USA","event_type":1,"event_type_string":"District","region":"FIRST California"},{"key":"2026caetb","name":"CA District East Bay Event","short_name":"East Bay","week":4,"start_date":"2026-04-02","end_date":"2026-04-04","city":"Berkeley","state_prov":"CA","country":"USA","event_type":1,"event_type_string":"District","region":"FIRST California"},{"key":"2026cagle","name":"CA District Glendale Event","short_name":"Glendale","week":3,"start_date":"2026-03-27","end_date":"2026-03-29","city":"Glendale","state_prov":"CA","country":"USA","event_type":1,"event_type_string":"District","region":"FIRST California"},{"key":"2026cahal","name":"CA District Half Moon Bay Event","short_name":"Half Moon Bay","week":0,"start_date":"2026-03-06","end_date":"2026-03-08","city":"Half Moon Bay","state_prov":"CA","country":"USA","event_type":1,"event_type_string":"District","region":"FIRST California"},{"key":"2026capoh","name":"CA District Hueneme Port Event","short_name":"Hueneme Port","week":0,"start_date":"2026-03-06","end_date":"2026-03-08","city":"Port Hueneme","state_prov":"CA","country":"USA","event_type":1,"event_type_string":"District","region":"FIRST California"},{"key":"2026calas","name":"CA District Los Angeles Event","short_name":"Los Angeles","week":2,"start_date":"2026-03-20","end_date":"2026-03-22","city":"El Segundo","state_prov":"CA","country":"USA","event_type":1,"event_type_string":"District","region":"FIRST California"},{"key":"2026caoec","name":"CA District Orange County Event","short_name":"Orange County","week":4,"start_date":"2026-04-02","end_date":"2026-04-04","city":"Mission Viejo","state_prov":"CA","country":"USA","event_type":1,"event_type_string":"District","region":"FIRST California"},{"key":"2026capin","name":"CA District Pinnacles Event presented by Apple","short_name":"Pinnacles","week":3,"start_date":"2026-03-27","end_date":"2026-03-29","city":"Hollister","state_prov":"CA","country":"USA","event_type":1,"event_type_string":"District","region":"FIRST California"},{"key":"2026casac","name":"CA District Sacramento Event","short_name":"Sacramento","week":2,"start_date":"2026-03-20","end_date":"2026-03-22","city":"Elk Grove","state_prov":"CA","country":"USA","event_type":1,"event_type_string":"District","region":"FIRST California"},{"key":"2026casnd","name":"CA District San Diego Event presented by Qualcomm","short_name":"San Diego","week":2,"start_date":"2026-03-20","end_date":"2026-03-22","city":"San Diego","state_prov":"CA","country":"USA","event_type":1,"event_type_string":"District","region":"FIRST California"},{"key":"2026casnf","name":"CA District San Francisco Event","short_name":"San Francisco","week":1,"start_date":"2026-03-13","end_date":"2026-03-15","city":"San Francisco","state_prov":"CA","country":"USA","event_type":1,"event_type_string":"District","region":"FIRST California"},{"key":"2026casgv","name":"CA District San Gabriel Valley Event","short_name":"San Gabriel Valley","week":3,"start_date":"2026-03-27","end_date":"2026-03-29","city":"Rosemead","state_prov":"CA","country":"USA","event_type":1,"event_type_string":"District","region":"FIRST California"},{"key":"2026casnv","name":"CA District Silicon Valley Event presented by Apple","short_name":"Silicon Valley","week":1,"start_date":"2026-03-13","end_date":"2026-03-15","city":"Woodside","state_prov":"CA","country":"USA","event_type":1,"event_type_string":"District","region":"FIRST California"},{"key":"2026caven","name":"CA District Ventura County Event","short_name":"Ventura County","week":1,"start_date":"2026-03-13","end_date":"2026-03-15","city":"Ventura","state_prov":"CA","country":"USA","event_type":1,"event_type_string":"District","region":"FIRST California"},{"key":"2026bcvi","name":"Canadian Pacific Regional","short_name":"Canadian Pacific","week":0,"start_date":"2026-03-04","end_date":"2026-03-07","city":"Vancouver","state_prov":"BC","country":"Canada","event_type":0,"event_type_string":"Regional","region":"Canada"},{"key":"2026ilpe","name":"Central Illinois Regional","short_name":"Central Illinois","week":2,"start_date":"2026-03-18","end_date":"2026-03-21","city":"Peoria","state_prov":"IL","country":"USA","event_type":0,"event_type_string":"Regional","region":"Midwest"},{"key":"2026mose","name":"City of Fountains Regional","short_name":"City of Fountains","week":4,"start_date":"2026-04-01","end_date":"2026-04-04","city":"Riverside","state_prov":"MO","country":"USA","event_type":0,"event_type_string":"Regional","region":"Midwest"},{"key":"2026cur","name":"Curie Division","short_name":"Curie","week":null,"start_date":"2026-04-29","end_date":"2026-05-02","city":"Houston","state_prov":"TX","country":"USA","event_type":3,"event_type_string":"Championship Division","region":"Texas"},{"key":"2026dal","name":"Daly Division","short_name":"Daly","week":null,"start_date":"2026-04-29","end_date":"2026-05-02","city":"Houston","state_prov":"TX","country":"USA","event_type":3,"event_type_string":"Championship Division","region":"Texas"},{"key":"2026code","name":"Denver Regional","short_name":"Denver","week":5,"start_date":"2026-04-08","end_date":"2026-04-11","city":"Denver","state_prov":"CO","country":"USA","event_type":0,"event_type_string":"Regional","region":"Mountain"},{"key":"2026vaale","name":"FCH District Alexandria VA Event presented by Qualcomm","short_name":"Alexandria VA","week":0,"start_date":"2026-03-06","end_date":"2026-03-08","city":"Alexandria","state_prov":"VA","country":"USA","event_type":1,"event_type_string":"District","region":"FIRST Chesapeake"},{"key":"2026mdbet","name":"FCH District Bethesda MD Event presented by Bechtel","short_name":"Bethesda MD","week":2,"start_date":"2026-03-20","end_date":"2026-03-22","city":"Bethesda","state_prov":"MD","country":"USA","event_type":1,"event_type_string":"District","region":"FIRST Chesapeake"},{"key":"2026vabla","name":"FCH District Blacksburg VA Event presented by Ball","short_name":"Blacksburg VA","week":3,"start_date":"2026-03-27","end_date":"2026-03-29","city":"Blacksburg","state_prov":"VA","country":"USA","event_type":1,"event_type_string":"District","region":"FIRST Chesapeake"},{"key":"2026vache","name":"FCH District Chesapeake VA Event presented by Newport News Ship Yard / Hampton Roads Community Foundation (Norfolk Southern)","short_name":"Chesapeake VA","week":2,"start_date":"2026-03-20","end_date":"2026-03-22","city":"Chesapeake","state_prov":"VA","country":"USA","event_type":1,"event_type_string":"District","region":"FIRST Chesapeake"},{"key":"2026vagle","name":"FCH District Glen Allen VA Event presented by Porvair Filtration","short_name":"Glen Allen VA","week":1,"start_date":"2026-03-13","end_date":"2026-03-15","city":"Glen Allen","state_prov":"VA","country":"USA","event_type":1,"event_type_string":"District","region":"FIRST Chesapeake"},{"key":"2026mdpas","name":"FCH District Pasadena MD Event presented by Plummer Industries","short_name":"Pasadena MD","week":1,"start_date":"2026-03-13","end_date":"2026-03-15","city":"Pasadena","state_prov":"MD","country":"USA","event_type":1,"event_type_string":"District","region":"FIRST Chesapeake"},{"key":"2026mdsev","name":"FCH District Severn MD Event presented by Arcfield","short_name":"Severn MD","week":3,"start_date":"2026-03-27","end_date":"2026-03-29","city":"Severn","state_prov":"MD","country":"USA","event_type":1,"event_type_string":"District","region":"FIRST Chesapeake"},{"key":"2026qcmo","name":"Festival de Robotique Regional","short_name":"Festival de Robotique","week":5,"start_date":"2026-04-08","end_date":"2026-04-11","city":"Dorval","state_prov":"QC","country":"Canada","event_type":0,"event_type_string":"Regional","region":"Canada"},{"key":"2026mibat","name":"FIM District Battle Creek Event","short_name":"Battle Creek","week":3,"start_date":"2026-03-27","end_date":"2026-03-29","city":"Battle Creek","state_prov":"MI","country":"USA","event_type":1,"event_type_string":"District","region":"FIRST in Michigan"},{"key":"2026mibel","name":"FIM District Belleville Event presented by DTE","short_name":"Belleville","week":2,"start_date":"2026-03-19","end_date":"2026-03-21","city":"Belleville","state_prov":"MI","country":"USA","event_type":1,"event_type_string":"District","region":"FIRST in Michigan"},{"key":"2026miber","name":"FIM District Berrien Springs Event","short_name":"Berrien Springs","week":2,"start_date":"2026-03-20","end_date":"2026-03-22","city":"Berrien Springs","state_prov":"MI","country":"USA","event_type":1,"event_type_string":"District","region":"FIRST in Michigan"},{"key":"2026miche","name":"FIM District Chelsea Event presented by DTE","short_name":"Chelsea","week":0,"start_date":"2026-03-06","end_date":"2026-03-08","city":"Chelsea","state_prov":"MI","country":"USA","event_type":1,"event_type_string":"District","region":"FIRST in Michigan"},{"key":"2026miesc","name":"FIM District Escanaba Event","short_name":"Escanaba","week":5,"start_date":"2026-04-09","end_date":"2026-04-11","city":"Escanaba","state_prov":"MI","country":"USA","event_type":1,"event_type_string":"District","region":"FIRST in Michigan"},{"key":"2026mifen","name":"FIM District Fenton Event presented by Gene Haas Foundation","short_name":"Fenton","week":5,"start_date":"2026-04-10","end_date":"2026-04-12","city":"Fenton","state_prov":"MI","country":"USA","event_type":1,"event_type_string":"District","region":"FIRST in Michigan"},{"key":"2026mibig","name":"FIM District Ferris State Event presented by Ferris State University","short_name":"Ferris State","week":5,"start_date":"2026-04-09","end_date":"2026-04-11","city":"Big Rapids","state_prov":"MI","country":"USA","event_type":1,"event_type_string":"District","region":"FIRST in Michigan"},{"key":"2026mibkn","name":"FIM District Jackson at Columbia Event presented by Consumers Energy Foundation","short_name":"Jackson at Columbia","week":2,"start_date":"2026-03-20","end_date":"2026-03-22","city":"Brooklyn","state_prov":"MI","country":"USA","event_type":1,"event_type_string":"District","region":"FIRST in Michigan"},{"key":"2026mifli","name":"FIM District Kearsley Event presented by BAE Systems","short_name":"Kearsley","week":2,"start_date":"2026-03-20","end_date":"2026-03-22","city":"Flint","state_prov":"MI","country":"USA","event_type":1,"event_type_string":"District","region":"FIRST in Michigan"},{"key":"2026miken","name":"FIM District Kentwood Event presented by Dematic","short_name":"Kentwood","week":5,"start_date":"2026-04-09","end_date":"2026-04-11","city":"Kentwood","state_prov":"MI","country":"USA","event_type":1,"event_type_string":"District","region":"FIRST in Michigan"},{"key":"2026milac","name":"FIM District Lake City Event presented by AT&T","short_name":"Lake City","week":1,"start_date":"2026-03-13","end_date":"2026-03-15","city":"Lake City","state_prov":"MI","country":"USA","event_type":1,"event_type_string":"District","region":"FIRST in Michigan"},{"key":"2026milak","name":"FIM District Lakeview Event","short_name":"Lakeview","week":0,"start_date":"2026-03-05","end_date":"2026-03-07","city":"Battle Creek","state_prov":"MI","country":"USA","event_type":1,"event_type_string":"District","region":"FIRST in Michigan"},{"key":"2026miliv","name":"FIM District Livonia Event presented by Aisin","short_name":"Livonia","week":4,"start_date":"2026-04-02","end_date":"2026-04-04","city":"Livonia","state_prov":"MI","country":"USA","event_type":1,"event_type_string":"District","region":"FIRST in Michigan"},{"key":"2026milsu","name":"FIM District LSSU Event presented by Lake Superior State University","short_name":"LSSU","week":3,"start_date":"2026-03-26","end_date":"2026-03-28","city":"Sault Ste. Marie","state_prov":"MI","country":"USA","event_type":1,"event_type_string":"District","region":"FIRST in Michigan"},{"key":"2026mimar","name":"FIM District Marysville Event","short_name":"Marysville","week":1,"start_date":"2026-03-13","end_date":"2026-03-15","city":"Marysville","state_prov":"MI","country":"USA","event_type":1,"event_type_string":"District","region":"FIRST in Michigan"},{"key":"2026mimas","name":"FIM District Mason Event presented by Altair","short_name":"Mason","week":3,"start_date":"2026-03-27","end_date":"2026-03-29","city":"Mason","state_prov":"MI","country":"USA","event_type":1,"event_type_string":"District","region":"FIRST in Michigan"},{"key":"2026mimid","name":"FIM District Midland Event presented by Dow","short_name":"Midland","week":1,"start_date":"2026-03-12","end_date":"2026-03-14","city":"Midland","state_prov":"MI","country":"USA","event_type":1,"event_type_string":"District","region":"FIRST in Michigan"},{"key":"2026mimil","name":"FIM District Milford Event presented by GM Proving Grounds","short_name":"Milford","week":1,"start_date":"2026-03-12","end_date":"2026-03-14","city":"Highland","state_prov":"MI","country":"USA","event_type":1,"event_type_string":"District","region":"FIRST in Michigan"},{"key":"2026mimtp","name":"FIM District Mt Pleasant Event presented by AT&T","short_name":"Mt Pleasant","week":0,"start_date":"2026-03-06","end_date":"2026-03-08","city":"Mt Pleasant","state_prov":"MI","country":"USA","event_type":1,"event_type_string":"District","region":"FIRST in Michigan"},{"key":"2026mimus","name":"FIM District Muskegon Event presented by Renk","short_name":"Muskegon","week":2,"start_date":"2026-03-19","end_date":"2026-03-21","city":"Muskegon","state_prov":"MI","country":"USA","event_type":1,"event_type_string":"District","region":"FIRST in Michigan"},{"key":"2026midet","name":"FIM District Renaissance Event presented by DTE Energy Foundation","short_name":"Renaissance","week":5,"start_date":"2026-04-10","end_date":"2026-04-12","city":"Detroit","state_prov":"MI","country":"USA","event_type":1,"event_type_string":"District","region":"FIRST in Michigan"},{"key":"2026misal","name":"FIM District Saline Event presented by Oracle","short_name":"Saline","week":3,"start_date":"2026-03-27","end_date":"2026-03-29","city":"Saline","state_prov":"MI","country":"USA","event_type":1,"event_type_string":"District","region":"FIRST in Michigan"},{"key":"2026mitvc","name":"FIM District Traverse City Event","short_name":"Traverse City","week":2,"start_date":"2026-03-19","end_date":"2026-03-21","city":"Traverse City","state_prov":"MI","country":"USA","event_type":1,"event_type_string":"District","region":"FIRST in Michigan"},{"key":"2026mitr2","name":"FIM District Troy Event #2","short_name":"Troy #2","week":4,"start_date":"2026-04-02","end_date":"2026-04-04","city":"Troy","state_prov":"MI","country":"USA","event_type":1,"event_type_string":"District","region":"FIRST in Michigan"},{"key":"2026mitry","name":"FIM District Troy Event presented by Aptiv Foundation","short_name":"Troy","week":3,"start_date":"2026-03-27","end_date":"2026-03-29","city":"Troy","state_prov":"MI","country":"USA","event_type":1,"event_type_string":"District","region":"FIRST in Michigan"},{"key":"2026midtr","name":"FIM District Wayne State Event presented by Magna","short_name":"Wayne State","week":1,"start_date":"2026-03-12","end_date":"2026-03-14","city":"Detroit","state_prov":"MI","country":"USA","event_type":1,"event_type_string":"District","region":"FIRST in Michigan"},{"key":"2026miwmi","name":"FIM District West Michigan Event presented by Grand Valley State University","short_name":"West Michigan","week":3,"start_date":"2026-03-26","end_date":"2026-03-28","city":"Allendale","state_prov":"MI","country":"USA","event_type":1,"event_type_string":"District","region":"FIRST in Michigan"},{"key":"2026mibro","name":"FIM District Woodhaven Event","short_name":"Woodhaven","week":1,"start_date":"2026-03-13","end_date":"2026-03-15","city":"Brownstown Charter Twp","state_prov":"MI","country":"USA","event_type":1,"event_type_string":"District","region":"FIRST in Michigan"},{"key":"2026incol","name":"FIN District Columbus Event","short_name":"Columbus","week":2,"start_date":"2026-03-20","end_date":"2026-03-22","city":"Columbus","state_prov":"IN","country":"USA","event_type":1,"event_type_string":"District","region":"FIRST Indiana Robotics"},{"key":"2026inlaf","name":"FIN District Lafayette Event","short_name":"Lafayette","week":3,"start_date":"2026-03-26","end_date":"2026-03-28","city":"Lafayette","state_prov":"IN","country":"USA","event_type":1,"event_type_string":"District","region":"FIRST Indiana Robotics"},{"key":"2026inmis","name":"FIN District Mishawaka Event","short_name":"Mishawaka","week":0,"start_date":"2026-03-06","end_date":"2026-03-08","city":"Mishawaka","state_prov":"IN","country":"USA","event_type":1,"event_type_string":"District","region":"FIRST Indiana Robotics"},{"key":"2026inwas","name":"FIN District Washington Event presented by Toyota IN & VA CARA","short_name":"Washington","week":4,"start_date":"2026-04-02","end_date":"2026-04-04","city":"Washington","state_prov":"IN","country":"USA","event_type":1,"event_type_string":"District","region":"FIRST Indiana Robotics"},{"key":"2026nyro","name":"Finger Lakes Regional","short_name":"Finger Lakes","week":1,"start_date":"2026-03-11","end_date":"2026-03-14","city":"Rochester","state_prov":"NY","country":"USA","event_type":0,"event_type_string":"Regional","region":"Mid-Atlantic"},{"key":"2026cancmp","name":"FIRST California Northern State Championship","short_name":"California Northern","week":5,"start_date":"2026-04-09","end_date":"2026-04-12","city":"Daly City","state_prov":"CA","country":"USA","event_type":2,"event_type_string":"District Championship","region":"FIRST California"},{"key":"2026cascmp","name":"FIRST California Southern State Championship presented by Qualcomm","short_name":"California Southern","week":5,"start_date":"2026-04-09","end_date":"2026-04-12","city":"Anaheim","state_prov":"CA","country":"USA","event_type":2,"event_type_string":"District Championship","region":"FIRST California"},{"key":"2026cmptx","name":"FIRST Championship - FIRST Robotics Competition","short_name":"{}","week":null,"start_date":"2026-04-29","end_date":"2026-05-02","city":"Houston","state_prov":"TX","country":"USA","event_type":4,"event_type_string":"Championship Finals","region":"Texas"},{"key":"2026chcmp","name":"FIRST Chesapeake District Championship presented by C-CAM, VSU, Go Tec, and NASA","short_name":"Chesapeake","week":5,"start_date":"2026-04-09","end_date":"2026-04-12","city":"Petersburg","state_prov":"VA","country":"USA","event_type":2,"event_type_string":"District Championship","region":"FIRST Chesapeake"},{"key":"2026micmp","name":"FIRST in Michigan State Championship","short_name":"Michigan","week":6,"start_date":"2026-04-16","end_date":"2026-04-18","city":"University Center","state_prov":"MI","country":"USA","event_type":2,"event_type_string":"District Championship","region":"FIRST in Michigan"},{"key":"2026micmp4","name":"FIRST in Michigan State Championship - Aptiv Division","short_name":"MSC - Aptiv","week":6,"start_date":"2026-04-16","end_date":"2026-04-18","city":"University Center","state_prov":"MI","country":"USA","event_type":5,"event_type_string":"District Championship Division","region":"FIRST in Michigan"},{"key":"2026micmp3","name":"FIRST in Michigan State Championship - Consumers Energy Division","short_name":"MSC - Consumers Energy","week":6,"start_date":"2026-04-16","end_date":"2026-04-18","city":"University Center","state_prov":"MI","country":"USA","event_type":5,"event_type_string":"District Championship Division","region":"FIRST in Michigan"},{"key":"2026micmp1","name":"FIRST in Michigan State Championship - DTE Energy Foundation Division","short_name":"MSC - DTE Energy Foundation","week":6,"start_date":"2026-04-16","end_date":"2026-04-18","city":"University Center","state_prov":"MI","country":"USA","event_type":5,"event_type_string":"District Championship Division","region":"FIRST in Michigan"},{"key":"2026micmp2","name":"FIRST in Michigan State Championship - Hemlock Semiconductor Division","short_name":"MSC - Hemlock Semiconductor","week":6,"start_date":"2026-04-16","end_date":"2026-04-18","city":"University Center","state_prov":"MI","country":"USA","event_type":5,"event_type_string":"District Championship Division","region":"FIRST in Michigan"},{"key":"2026txcmp","name":"FIRST In Texas District Championship","short_name":"Texas","week":6,"start_date":"2026-04-15","end_date":"2026-04-18","city":"Houston","state_prov":"TX","country":"USA","event_type":2,"event_type_string":"District Championship","region":"FIRST In Texas"},{"key":"2026txcmp2","name":"FIRST In Texas District Championship - Apollo Division","short_name":"TDC - Apollo","week":6,"start_date":"2026-04-15","end_date":"2026-04-18","city":"Houston","state_prov":"TX","country":"USA","event_type":5,"event_type_string":"District Championship Division","region":"FIRST In Texas"},{"key":"2026txcmp1","name":"FIRST In Texas District Championship - Mercury Division","short_name":"TDC - Mercury","week":6,"start_date":"2026-04-15","end_date":"2026-04-18","city":"Houston","state_prov":"TX","country":"USA","event_type":5,"event_type_string":"District Championship Division","region":"FIRST In Texas"},{"key":"2026incmp","name":"FIRST Indiana State Championship","short_name":"Indiana","week":6,"start_date":"2026-04-17","end_date":"2026-04-19","city":"Indianapolis","state_prov":"IN","country":"USA","event_type":2,"event_type_string":"District Championship","region":"FIRST Indiana Robotics"},{"key":"2026iscmp","name":"FIRST Israel District Championship","short_name":"Israel","week":3,"start_date":"2026-03-29","end_date":"2026-03-31","city":"Hadera","state_prov":"M","country":"Israel","event_type":2,"event_type_string":"District Championship","region":"FIRST Israel"},{"key":"2026nyli2","name":"FIRST Long Island Regional","short_name":"Long Island","week":2,"start_date":"2026-03-18","end_date":"2026-03-21","city":"Hempstead","state_prov":"NY","country":"USA","event_type":0,"event_type_string":"Regional","region":"Mid-Atlantic"},{"key":"2026mrcmp","name":"FIRST Mid-Atlantic District Championship","short_name":"Mid-Atlantic","week":6,"start_date":"2026-04-15","end_date":"2026-04-18","city":"Bethlehem","state_prov":"PA","country":"USA","event_type":2,"event_type_string":"District Championship","region":"FIRST Mid-Atlantic"},{"key":"2026nccmp","name":"FIRST North Carolina State Championship","short_name":"North Carolina","week":5,"start_date":"2026-04-09","end_date":"2026-04-12","city":"Greensboro","state_prov":"NC","country":"USA","event_type":2,"event_type_string":"District Championship","region":"FIRST North Carolina"},{"key":"2026oncmp","name":"FIRST Ontario Provincial Championship","short_name":"Ontario","week":6,"start_date":"2026-04-16","end_date":"2026-04-19","city":"Niagara Falls","state_prov":"ON","country":"Canada","event_type":2,"event_type_string":"District Championship","region":"FIRST Canada - Ontario"},{"key":"2026oncmp1","name":"FIRST Ontario Provincial Championship - Science Division","short_name":"OPC - Science","week":6,"start_date":"2026-04-16","end_date":"2026-04-19","city":"Niagara Falls","state_prov":"ON","country":"Canada","event_type":5,"event_type_string":"District Championship Division","region":"FIRST Canada - Ontario"},{"key":"2026oncmp2","name":"FIRST Ontario Provincial Championship - Technology Division","short_name":"OPC - Technology","week":6,"start_date":"2026-04-16","end_date":"2026-04-19","city":"Niagara Falls","state_prov":"ON","country":"Canada","event_type":5,"event_type_string":"District Championship Division","region":"FIRST Canada - Ontario"},{"key":"2026sccmp","name":"FIRST South Carolina State Championship presented by Magna","short_name":"South Carolina","week":5,"start_date":"2026-04-09","end_date":"2026-04-11","city":"Anderson","state_prov":"SC","country":"USA","event_type":2,"event_type_string":"District Championship","region":"FIRST South Carolina"},{"key":"2026wicmp","name":"FIRST Wisconsin State Championship","short_name":"Wisconsin","week":6,"start_date":"2026-04-17","end_date":"2026-04-19","city":"Brookfield","state_prov":"WI","country":"USA","event_type":2,"event_type_string":"District Championship","region":"FIRST Wisconsin"},{"key":"2026txabi","name":"FIT District Abilene Event","short_name":"Abilene","week":5,"start_date":"2026-04-09","end_date":"2026-04-11","city":"Abilene","state_prov":"TX","country":"USA","event_type":1,"event_type_string":"District","region":"FIRST In Texas"},{"key":"2026txama","name":"FIT District Amarillo Event","short_name":"Amarillo","week":4,"start_date":"2026-04-02","end_date":"2026-04-04","city":"Amarillo","state_prov":"TX","country":"USA","event_type":1,"event_type_string":"District","region":"FIRST In Texas"},{"key":"2026txbel","name":"FIT District Belton Event","short_name":"Belton","week":0,"start_date":"2026-03-05","end_date":"2026-03-07","city":"Belton","state_prov":"TX","country":"USA","event_type":1,"event_type_string":"District","region":"FIRST In Texas"},{"key":"2026txdri","name":"FIT District Dripping Springs Event","short_name":"Dripping Springs","week":4,"start_date":"2026-04-02","end_date":"2026-04-04","city":"Dripping Springs","state_prov":"TX","country":"USA","event_type":1,"event_type_string":"District","region":"FIRST In Texas"},{"key":"2026txfar","name":"FIT District Farmersville Event","short_name":"Farmersville","week":3,"start_date":"2026-03-27","end_date":"2026-03-29","city":"Farmersville","state_prov":"TX","country":"USA","event_type":1,"event_type_string":"District","region":"FIRST In Texas"},{"key":"2026txfor","name":"FIT District Fort Worth Event","short_name":"Fort Worth","week":2,"start_date":"2026-03-19","end_date":"2026-03-21","city":"Fort Worth","state_prov":"TX","country":"USA","event_type":1,"event_type_string":"District","region":"FIRST In Texas"},{"key":"2026txhou","name":"FIT District Houston Event","short_name":"Houston","week":2,"start_date":"2026-03-19","end_date":"2026-03-21","city":"Houston","state_prov":"TX","country":"USA","event_type":1,"event_type_string":"District","region":"FIRST In Texas"},{"key":"2026txman","name":"FIT District Manor Event","short_name":"Manor","week":3,"start_date":"2026-03-27","end_date":"2026-03-29","city":"Manor","state_prov":"TX","country":"USA","event_type":1,"event_type_string":"District","region":"FIRST In Texas"},{"key":"2026txmca","name":"FIT District McAllen Event","short_name":"McAllen","week":1,"start_date":"2026-03-12","end_date":"2026-03-14","city":"McAllen","state_prov":"TX","country":"USA","event_type":1,"event_type_string":"District","region":"FIRST In Texas"},{"key":"2026txsan","name":"FIT District San Antonio Event","short_name":"San Antonio","week":1,"start_date":"2026-03-12","end_date":"2026-03-14","city":"San Antonio","state_prov":"TX","country":"USA","event_type":1,"event_type_string":"District","region":"FIRST In Texas"},{"key":"2026txcl2","name":"FIT District Space City @ Friendswood Event #2","short_name":"Space City @ Friendswood #2","week":4,"start_date":"2026-04-02","end_date":"2026-04-04","city":"Friendswood","state_prov":"TX","country":"USA","event_type":1,"event_type_string":"District","region":"FIRST In Texas"},{"key":"2026txcle","name":"FIT District Space City @ League City Event #1","short_name":"Space City @ League City #1","week":0,"start_date":"2026-03-07","end_date":"2026-03-09","city":"League City","state_prov":"TX","country":"USA","event_type":1,"event_type_string":"District","region":"FIRST In Texas"},{"key":"2026txwac","name":"FIT District Waco Event","short_name":"Waco","week":2,"start_date":"2026-03-19","end_date":"2026-03-21","city":"Waco","state_prov":"TX","country":"USA","event_type":1,"event_type_string":"District","region":"FIRST In Texas"},{"key":"2026paben","name":"FMA District Bensalem Event","short_name":"Bensalem","week":3,"start_date":"2026-03-27","end_date":"2026-03-29","city":"Bensalem","state_prov":"PA","country":"USA","event_type":1,"event_type_string":"District","region":"FIRST Mid-Atlantic"},{"key":"2026pawar","name":"FMA District Centennial Event","short_name":"Centennial","week":2,"start_date":"2026-03-20","end_date":"2026-03-22","city":"Warminster","state_prov":"PA","country":"USA","event_type":1,"event_type_string":"District","region":"FIRST Mid-Atlantic"},{"key":"2026pahat","name":"FMA District Hatboro-Horsham Event","short_name":"Hatboro-Horsham","week":0,"start_date":"2026-03-06","end_date":"2026-03-08","city":"Horsham","state_prov":"PA","country":"USA","event_type":1,"event_type_string":"District","region":"FIRST Mid-Atlantic"},{"key":"2026njski","name":"FMA District Montgomery Event","short_name":"Montgomery","week":5,"start_date":"2026-04-10","end_date":"2026-04-12","city":"Skillman","state_prov":"NJ","country":"USA","event_type":1,"event_type_string":"District","region":"FIRST Mid-Atlantic"},{"key":"2026njfla","name":"FMA District Mount Olive Event","short_name":"Mount Olive","week":3,"start_date":"2026-03-27","end_date":"2026-03-29","city":"Flanders","state_prov":"NJ","country":"USA","event_type":1,"event_type_string":"District","region":"FIRST Mid-Atlantic"},{"key":"2026paphi","name":"FMA District Philadelphia Event","short_name":"Philadelphia","week":4,"start_date":"2026-04-02","end_date":"2026-04-04","city":"Philadelphia","state_prov":"PA","country":"USA","event_type":1,"event_type_string":"District","region":"FIRST Mid-Atlantic"},{"key":"2026njrob","name":"FMA District Robbinsville Event","short_name":"Robbinsville","week":2,"start_date":"2026-03-20","end_date":"2026-03-22","city":"Trenton","state_prov":"NJ","country":"USA","event_type":1,"event_type_string":"District","region":"FIRST Mid-Atlantic"},{"key":"2026njtab","name":"FMA District Seneca Event","short_name":"Seneca","week":1,"start_date":"2026-03-13","end_date":"2026-03-15","city":"Tabernacle","state_prov":"NJ","country":"USA","event_type":1,"event_type_string":"District","region":"FIRST Mid-Atlantic"},{"key":"2026njwas","name":"FMA District Warren Hills Event","short_name":"Warren Hills","week":0,"start_date":"2026-03-06","end_date":"2026-03-08","city":"Washington","state_prov":"NJ","country":"USA","event_type":1,"event_type_string":"District","region":"FIRST Mid-Atlantic"},{"key":"2026nccab","name":"FNC District Cabarrus Event","short_name":"Cabarrus","week":0,"start_date":"2026-03-06","end_date":"2026-03-08","city":"Concord","state_prov":"NC","country":"USA","event_type":1,"event_type_string":"District","region":"FIRST North Carolina"},{"key":"2026ncelo","name":"FNC District Elon University Event","short_name":"Elon University","week":2,"start_date":"2026-03-20","end_date":"2026-03-22","city":"Elon","state_prov":"NC","country":"USA","event_type":1,"event_type_string":"District","region":"FIRST North Carolina"},{"key":"2026ncash","name":"FNC District UNC Asheville Event","short_name":"UNC Asheville","week":1,"start_date":"2026-03-13","end_date":"2026-03-15","city":"Asheville","state_prov":"NC","country":"USA","event_type":1,"event_type_string":"District","region":"FIRST North Carolina"},{"key":"2026ncpem","name":"FNC District UNC Pembroke Event","short_name":"UNC Pembroke","week":3,"start_date":"2026-03-27","end_date":"2026-03-29","city":"Pembroke","state_prov":"NC","country":"USA","event_type":1,"event_type_string":"District","region":"FIRST North Carolina"},{"key":"2026ncwak","name":"FNC District Wake County Event #1","short_name":"Wake County #1","week":0,"start_date":"2026-03-06","end_date":"2026-03-08","city":"Wake Forest","state_prov":"NC","country":"USA","event_type":1,"event_type_string":"District","region":"FIRST North Carolina"},{"key":"2026ncwk2","name":"FNC District Wake County Event #2","short_name":"Wake County #2","week":2,"start_date":"2026-03-20","end_date":"2026-03-22","city":"Wake Forest","state_prov":"NC","country":"USA","event_type":1,"event_type_string":"District","region":"FIRST North Carolina"},{"key":"2026schar","name":"FSC District Hartsville Event","short_name":"Hartsville","week":3,"start_date":"2026-03-26","end_date":"2026-03-28","city":"Hartsville","state_prov":"SC","country":"USA","event_type":1,"event_type_string":"District","region":"FIRST South Carolina"},{"key":"2026sccha","name":"FSC District North Charleston Event presented by SCDE & City of North Charleston Recreation","short_name":"North Charleston","week":0,"start_date":"2026-03-05","end_date":"2026-03-07","city":"North Charleston","state_prov":"SC","country":"USA","event_type":1,"event_type_string":"District","region":"FIRST South Carolina"},{"key":"2026schop","name":"FSC District Richland Event presented by Aflac & RCSD1","short_name":"Richland","week":1,"start_date":"2026-03-12","end_date":"2026-03-14","city":"Hopkins","state_prov":"SC","country":"USA","event_type":1,"event_type_string":"District","region":"FIRST South Carolina"},{"key":"2026gal","name":"Galileo Division","short_name":"Galileo","week":null,"start_date":"2026-04-29","end_date":"2026-05-02","city":"Houston","state_prov":"TX","country":"USA","event_type":3,"event_type_string":"Championship Division","region":"Texas"},{"key":"2026nyn2","name":"Gotham Regional","short_name":"Gotham","week":5,"start_date":"2026-04-06","end_date":"2026-04-08","city":"New York","state_prov":"NY","country":"USA","event_type":0,"event_type_string":"Regional","region":"Mid-Atlantic"},{"key":"2026ndgf","name":"Great Northern Regional","short_name":"Great Northern","week":1,"start_date":"2026-03-11","end_date":"2026-03-14","city":"Grand Forks","state_prov":"ND","country":"USA","event_type":0,"event_type_string":"Regional","region":"Midwest"},{"key":"2026mokc","name":"Greater Kansas City Regional","short_name":"Greater Kansas City","week":5,"start_date":"2026-04-08","end_date":"2026-04-11","city":"Lee's Summit","state_prov":"MO","country":"USA","event_type":0,"event_type_string":"Regional","region":"Midwest"},{"key":"2026paca","name":"Greater Pittsburgh Regional","short_name":"Greater Pittsburgh","week":2,"start_date":"2026-03-18","end_date":"2026-03-21","city":"Pittsburgh","state_prov":"PA","country":"USA","event_type":0,"event_type_string":"Regional","region":"Mid-Atlantic"},{"key":"2026oktu","name":"Green Country Regional","short_name":"Green Country","week":4,"start_date":"2026-04-01","end_date":"2026-04-04","city":"Tulsa","state_prov":"OK","country":"USA","event_type":0,"event_type_string":"Regional","region":"Other"},{"key":"2026tuhc","name":"Hali\u00e7 Regional","short_name":"Hali\u00e7","week":3,"start_date":"2026-03-25","end_date":"2026-03-27","city":"Bak\u0131rk\u00f6y / \u0130stanbul","state_prov":"34","country":"T\u00fcrkiye","event_type":0,"event_type_string":"Regional","region":"T\u00fcrkiye"},{"key":"2026hiho","name":"Hawaii Regional","short_name":"Hawaii","week":2,"start_date":"2026-03-19","end_date":"2026-03-22","city":"Honolulu","state_prov":"HI","country":"USA","event_type":0,"event_type_string":"Regional","region":"Pacific"},{"key":"2026ksla","name":"Heartland Regional","short_name":"Heartland","week":2,"start_date":"2026-03-18","end_date":"2026-03-21","city":"Shawnee","state_prov":"KS","country":"USA","event_type":0,"event_type_string":"Regional","region":"Midwest"},{"key":"2026hop","name":"Hopper Division","short_name":"Hopper","week":null,"start_date":"2026-04-29","end_date":"2026-05-02","city":"Houston","state_prov":"TX","country":"USA","event_type":3,"event_type_string":"Championship Division","region":"Texas"},{"key":"2026nysu","name":"Hudson Valley Regional","short_name":"Hudson Valley","week":2,"start_date":"2026-03-18","end_date":"2026-03-21","city":"Suffern","state_prov":"NY","country":"USA","event_type":0,"event_type_string":"Regional","region":"Mid-Atlantic"},{"key":"2026idbo","name":"Idaho Regional","short_name":"Idaho","week":3,"start_date":"2026-03-26","end_date":"2026-03-28","city":"Nampa","state_prov":"ID","country":"USA","event_type":0,"event_type_string":"Regional","region":"Mountain"},{"key":"2026iacf","name":"Iowa Regional","short_name":"Iowa","week":3,"start_date":"2026-03-25","end_date":"2026-03-28","city":"Cedar Falls","state_prov":"IA","country":"USA","event_type":0,"event_type_string":"Regional","region":"Midwest"},{"key":"2026isde1","name":"ISR District Event #1","short_name":"ISR #1","week":0,"start_date":"2026-03-08","end_date":"2026-03-10","city":"Natanya","state_prov":"M","country":"Israel","event_type":1,"event_type_string":"District","region":"FIRST Israel"},{"key":"2026isde2","name":"ISR District Event #2","short_name":"ISR #2","week":1,"start_date":"2026-03-10","end_date":"2026-03-12","city":"Natanya","state_prov":"M","country":"Israel","event_type":1,"event_type_string":"District","region":"FIRST Israel"},{"key":"2026isde3","name":"ISR District Event #3","short_name":"ISR #3","week":1,"start_date":"2026-03-15","end_date":"2026-03-17","city":"Hadera","state_prov":"M","country":"Israel","event_type":1,"event_type_string":"District","region":"FIRST Israel"},{"key":"2026isde4","name":"ISR District Event #4","short_name":"ISR #4","week":2,"start_date":"2026-03-17","end_date":"2026-03-19","city":"Hadera","state_prov":"M","country":"Israel","event_type":1,"event_type_string":"District","region":"FIRST Israel"},{"key":"2026tuis","name":"\u0130stanbul Regional","short_name":"\u0130stanbul","week":0,"start_date":"2026-03-03","end_date":"2026-03-05","city":"Ba\u015fak\u015fehir / \u0130stanbul","state_prov":"34","country":"T\u00fcrkiye","event_type":0,"event_type_string":"Regional","region":"T\u00fcrkiye"},{"key":"2026joh","name":"Johnson Division","short_name":"Johnson","week":null,"start_date":"2026-04-29","end_date":"2026-05-02","city":"Houston","state_prov":"TX","country":"USA","event_type":3,"event_type_string":"Championship Division","region":"Texas"},{"key":"2026mndu","name":"Lake Superior Regional","short_name":"Lake Superior","week":0,"start_date":"2026-03-04","end_date":"2026-03-07","city":"Duluth","state_prov":"MN","country":"USA","event_type":0,"event_type_string":"Regional","region":"Midwest"},{"key":"2026nvlv","name":"Las Vegas Regional","short_name":"Las Vegas","week":5,"start_date":"2026-04-08","end_date":"2026-04-11","city":"Las Vegas","state_prov":"NV","country":"USA","event_type":0,"event_type_string":"Regional","region":"Mountain"},{"key":"2026mslr","name":"Magnolia Regional","short_name":"Magnolia","week":2,"start_date":"2026-03-18","end_date":"2026-03-21","city":"Laurel","state_prov":"MS","country":"USA","event_type":0,"event_type_string":"Regional","region":"Southeast"},{"key":"2026tuis3","name":"Marmara Regional","short_name":"Marmara","week":3,"start_date":"2026-03-28","end_date":"2026-03-30","city":"Bak\u0131rk\u00f6y / \u0130stanbul","state_prov":"34","country":"T\u00fcrkiye","event_type":0,"event_type_string":"Regional","region":"T\u00fcrkiye"},{"key":"2026ohmv","name":"Miami Valley Regional","short_name":"Miami Valley","week":4,"start_date":"2026-04-01","end_date":"2026-04-04","city":"Cincinnati","state_prov":"OH","country":"USA","event_type":0,"event_type_string":"Regional","region":"Midwest"},{"key":"2026ilch","name":"Midwest Regional Presented by Baxter","short_name":"Midwest","week":3,"start_date":"2026-03-25","end_date":"2026-03-28","city":"Arlington Heights","state_prov":"IL","country":"USA","event_type":0,"event_type_string":"Regional","region":"Midwest"},{"key":"2026mil","name":"Milstein Division","short_name":"Milstein","week":null,"start_date":"2026-04-29","end_date":"2026-05-02","city":"Houston","state_prov":"TX","country":"USA","event_type":3,"event_type_string":"Championship Division","region":"Texas"},{"key":"2026mnmi","name":"Minnesota 10,000 Lakes Regional","short_name":"Minnesota 10,000 Lakes","week":3,"start_date":"2026-03-25","end_date":"2026-03-28","city":"Minneapolis","state_prov":"MN","country":"USA","event_type":0,"event_type_string":"Regional","region":"Midwest"},{"key":"2026mnwi","name":"Minnesota Bluff Country Regional","short_name":"Minnesota Bluff Country","week":0,"start_date":"2026-03-04","end_date":"2026-03-07","city":"Winona","state_prov":"MN","country":"USA","event_type":0,"event_type_string":"Regional","region":"Midwest"},{"key":"2026mnmi2","name":"Minnesota Granite City Regional","short_name":"Minnesota Granite City","week":5,"start_date":"2026-04-08","end_date":"2026-04-11","city":"St. Cloud","state_prov":"MN","country":"USA","event_type":0,"event_type_string":"Regional","region":"Midwest"},{"key":"2026mnum","name":"Minnesota North Star Regional","short_name":"Minnesota North Star","week":4,"start_date":"2026-04-01","end_date":"2026-04-04","city":"Minneapolis","state_prov":"MN","country":"USA","event_type":0,"event_type_string":"Regional","region":"Midwest"},{"key":"2026nhbed","name":"NE District Granite State Event","short_name":"Granite State","week":1,"start_date":"2026-03-13","end_date":"2026-03-15","city":"Bedford","state_prov":"NH","country":"USA","event_type":1,"event_type_string":"District","region":"New England"},{"key":"2026mabos","name":"NE District Greater Boston Event","short_name":"Greater Boston","week":3,"start_date":"2026-03-27","end_date":"2026-03-29","city":"Revere","state_prov":"MA","country":"USA","event_type":1,"event_type_string":"District","region":"New England"},{"key":"2026cthar","name":"NE District Hartford Event","short_name":"Hartford","week":3,"start_date":"2026-03-27","end_date":"2026-03-29","city":"Hartford","state_prov":"CT","country":"USA","event_type":1,"event_type_string":"District","region":"New England"},{"key":"2026mabil","name":"NE District Minuteman Event","short_name":"Minuteman","week":0,"start_date":"2026-03-06","end_date":"2026-03-08","city":"Billerica","state_prov":"MA","country":"USA","event_type":1,"event_type_string":"District","region":"New England"},{"key":"2026marea","name":"NE District North Shore Event","short_name":"North Shore","week":1,"start_date":"2026-03-13","end_date":"2026-03-15","city":"Reading","state_prov":"MA","country":"USA","event_type":1,"event_type_string":"District","region":"New England"},{"key":"2026mefal","name":"NE District Pine Tree Event","short_name":"Pine Tree","week":0,"start_date":"2026-03-06","end_date":"2026-03-08","city":"Falmouth","state_prov":"ME","country":"USA","event_type":1,"event_type_string":"District","region":"New England"},{"key":"2026nhdur","name":"NE District UNH Event","short_name":"UNH","week":3,"start_date":"2026-03-27","end_date":"2026-03-29","city":"Durham","state_prov":"NH","country":"USA","event_type":1,"event_type_string":"District","region":"New England"},{"key":"2026rikin","name":"NE District URI Event","short_name":"URI","week":2,"start_date":"2026-03-19","end_date":"2026-03-21","city":"Kingston","state_prov":"RI","country":"USA","event_type":1,"event_type_string":"District","region":"New England"},{"key":"2026vtbur","name":"NE District UVM Event","short_name":"UVM","week":4,"start_date":"2026-04-02","end_date":"2026-04-04","city":"Burlington","state_prov":"VT","country":"USA","event_type":1,"event_type_string":"District","region":"New England"},{"key":"2026ctwat","name":"NE District Waterbury Event","short_name":"Waterbury","week":2,"start_date":"2026-03-20","end_date":"2026-03-22","city":"Waterbury","state_prov":"CT","country":"USA","event_type":1,"event_type_string":"District","region":"New England"},{"key":"2026mawne","name":"NE District Western NE Event","short_name":"Western NE","week":1,"start_date":"2026-03-13","end_date":"2026-03-15","city":"Springfield","state_prov":"MA","country":"USA","event_type":1,"event_type_string":"District","region":"New England"},{"key":"2026mawor","name":"NE District WPI Event","short_name":"WPI","week":4,"start_date":"2026-04-03","end_date":"2026-04-05","city":"Worcester","state_prov":"MA","country":"USA","event_type":1,"event_type_string":"District","region":"New England"},{"key":"2026necmp","name":"New England FIRST District Championship","short_name":"New England","week":6,"start_date":"2026-04-15","end_date":"2026-04-18","city":"West Springfield","state_prov":"MA","country":"USA","event_type":2,"event_type_string":"District Championship","region":"New England"},{"key":"2026necmp1","name":"New England FIRST District Championship - Burns Division","short_name":"NEDC - Burns","week":6,"start_date":"2026-04-15","end_date":"2026-04-18","city":"West Springfield","state_prov":"MA","country":"USA","event_type":5,"event_type_string":"District Championship Division","region":"New England"},{"key":"2026necmp2","name":"New England FIRST District Championship - Newsom Division","short_name":"NEDC - Newsom","week":6,"start_date":"2026-04-15","end_date":"2026-04-18","city":"West Springfield","state_prov":"MA","country":"USA","event_type":5,"event_type_string":"District Championship Division","region":"New England"},{"key":"2026nyny","name":"New York City Regional","short_name":"New York City","week":5,"start_date":"2026-04-09","end_date":"2026-04-12","city":"New York","state_prov":"NY","country":"USA","event_type":0,"event_type_string":"Regional","region":"Mid-Atlantic"},{"key":"2026nytr","name":"New York Tech Valley Regional","short_name":"New York Tech Valley","week":6,"start_date":"2026-04-15","end_date":"2026-04-18","city":"Albany","state_prov":"NY","country":"USA","event_type":0,"event_type_string":"Regional","region":"Mid-Atlantic"},{"key":"2026new","name":"Newton Division","short_name":"Newton","week":null,"start_date":"2026-04-29","end_date":"2026-05-02","city":"Houston","state_prov":"TX","country":"USA","event_type":3,"event_type_string":"Championship Division","region":"Texas"},{"key":"2026mndu2","name":"Northern Lights Regional","short_name":"Northern Lights","week":0,"start_date":"2026-03-04","end_date":"2026-03-07","city":"Duluth","state_prov":"MN","country":"USA","event_type":0,"event_type_string":"Regional","region":"Midwest"},{"key":"2026okok","name":"Oklahoma Regional","short_name":"Oklahoma","week":0,"start_date":"2026-03-04","end_date":"2026-03-07","city":"Enid","state_prov":"OK","country":"USA","event_type":0,"event_type_string":"Regional","region":"Other"},{"key":"2026onosh","name":"ONT District Durham College Event","short_name":"Durham College","week":1,"start_date":"2026-03-13","end_date":"2026-03-15","city":"Oshawa","state_prov":"ON","country":"Canada","event_type":1,"event_type_string":"District","region":"FIRST Canada - Ontario"},{"key":"2026onbar","name":"ONT District Georgian College Event","short_name":"Georgian College","week":3,"start_date":"2026-03-27","end_date":"2026-03-29","city":"Barrie","state_prov":"ON","country":"Canada","event_type":1,"event_type_string":"District","region":"FIRST Canada - Ontario"},{"key":"2026ontor","name":"ONT District Humber Polytechnic Event","short_name":"Humber Polytechnic","week":1,"start_date":"2026-03-12","end_date":"2026-03-14","city":"Etobicoke","state_prov":"ON","country":"Canada","event_type":1,"event_type_string":"District","region":"FIRST Canada - Ontario"},{"key":"2026onham","name":"ONT District McMaster University Event","short_name":"McMaster University","week":2,"start_date":"2026-03-20","end_date":"2026-03-22","city":"Hamilton","state_prov":"ON","country":"Canada","event_type":1,"event_type_string":"District","region":"FIRST Canada - Ontario"},{"key":"2026onwel","name":"ONT District Niagara College Event","short_name":"Niagara College","week":5,"start_date":"2026-04-10","end_date":"2026-04-12","city":"Welland","state_prov":"ON","country":"Canada","event_type":1,"event_type_string":"District","region":"FIRST Canada - Ontario"},{"key":"2026onnob","name":"ONT District North Bay Event","short_name":"North Bay","week":2,"start_date":"2026-03-20","end_date":"2026-03-22","city":"North Bay","state_prov":"ON","country":"Canada","event_type":1,"event_type_string":"District","region":"FIRST Canada - Ontario"},{"key":"2026onwat","name":"ONT District University of Waterloo Event","short_name":"University of Waterloo","week":3,"start_date":"2026-03-26","end_date":"2026-03-28","city":"Waterloo","state_prov":"ON","country":"Canada","event_type":1,"event_type_string":"District","region":"FIRST Canada - Ontario"},{"key":"2026onwin","name":"ONT District Windsor Essex Great Lake Event","short_name":"Windsor Essex Great Lake","week":5,"start_date":"2026-04-09","end_date":"2026-04-11","city":"Windsor","state_prov":"ON","country":"Canada","event_type":1,"event_type_string":"District","region":"FIRST Canada - Ontario"},{"key":"2026flor","name":"Orlando Regional","short_name":"Orlando","week":2,"start_date":"2026-03-18","end_date":"2026-03-21","city":"Orlando","state_prov":"FL","country":"USA","event_type":0,"event_type_string":"Regional","region":"Southeast"},{"key":"2026pncmp","name":"Pacific Northwest FIRST District Championship","short_name":"Pacific Northwest","week":5,"start_date":"2026-04-08","end_date":"2026-04-11","city":"Cheney","state_prov":"WA","country":"USA","event_type":2,"event_type_string":"District Championship","region":"Pacific Northwest"},{"key":"2026gaalb","name":"PCH District Albany Event presented by Procter & Gamble","short_name":"Albany","week":3,"start_date":"2026-03-26","end_date":"2026-03-28","city":"Albany","state_prov":"GA","country":"USA","event_type":1,"event_type_string":"District","region":"Peachtree"},{"key":"2026gacol","name":"PCH District Columbus Event presented by Muscogee County Schools (CTAE) and Columbus Development Authority","short_name":"Columbus","week":2,"start_date":"2026-03-19","end_date":"2026-03-21","city":"Columbus","state_prov":"GA","country":"USA","event_type":1,"event_type_string":"District","region":"Peachtree"},{"key":"2026gadal","name":"PCH District Dalton Event presented by Shaw Industries","short_name":"Dalton","week":0,"start_date":"2026-03-05","end_date":"2026-03-07","city":"Dalton","state_prov":"GA","country":"USA","event_type":1,"event_type_string":"District","region":"Peachtree"},{"key":"2026gagai","name":"PCH District Gainesville Event presented by Honeywell","short_name":"Gainesville","week":4,"start_date":"2026-04-02","end_date":"2026-04-04","city":"Gainesville","state_prov":"GA","country":"USA","event_type":1,"event_type_string":"District","region":"Peachtree"},{"key":"2026gagwi","name":"PCH District Gwinnett Event presented by Gwinnett County Public Schools","short_name":"Gwinnett","week":1,"start_date":"2026-03-13","end_date":"2026-03-15","city":"Lawrenceville","state_prov":"GA","country":"USA","event_type":1,"event_type_string":"District","region":"Peachtree"},{"key":"2026gacmp","name":"Peachtree District Championship presented by Mercer University","short_name":"Peachtree","week":5,"start_date":"2026-04-08","end_date":"2026-04-11","city":"Macon","state_prov":"GA","country":"USA","event_type":2,"event_type_string":"District Championship","region":"Peachtree"},{"key":"2026cosp","name":"Pikes Peak Regional","short_name":"Pikes Peak","week":0,"start_date":"2026-03-05","end_date":"2026-03-08","city":"Colorado Springs","state_prov":"CO","country":"USA","event_type":0,"event_type_string":"Regional","region":"Mountain"},{"key":"2026waahs","name":"PNW District Auburn Event","short_name":"Auburn","week":3,"start_date":"2026-03-27","end_date":"2026-03-29","city":"Auburn","state_prov":"WA","country":"USA","event_type":1,"event_type_string":"District","region":"Pacific Northwest"},{"key":"2026wabon","name":"PNW District Bonney Lake Event","short_name":"Bonney Lake","week":0,"start_date":"2026-03-06","end_date":"2026-03-08","city":"Bonney Lake","state_prov":"WA","country":"USA","event_type":1,"event_type_string":"District","region":"Pacific Northwest"},{"key":"2026orore","name":"PNW District Clackamas Academy Event","short_name":"Clackamas Academy","week":3,"start_date":"2026-03-26","end_date":"2026-03-28","city":"Oregon City","state_prov":"OR","country":"USA","event_type":1,"event_type_string":"District","region":"Pacific Northwest"},{"key":"2026wasno","name":"PNW District Glacier Peak Event","short_name":"Glacier Peak","week":1,"start_date":"2026-03-13","end_date":"2026-03-15","city":"Snohomish","state_prov":"WA","country":"USA","event_type":1,"event_type_string":"District","region":"Pacific Northwest"},{"key":"2026orsal","name":"PNW District Oregon State Fair Event","short_name":"Oregon State Fair","week":0,"start_date":"2026-03-05","end_date":"2026-03-07","city":"Salem","state_prov":"OR","country":"USA","event_type":1,"event_type_string":"District","region":"Pacific Northwest"},{"key":"2026wasam","name":"PNW District Sammamish Event","short_name":"Sammamish","week":2,"start_date":"2026-03-20","end_date":"2026-03-22","city":"Bellevue","state_prov":"WA","country":"USA","event_type":1,"event_type_string":"District","region":"Pacific Northwest"},{"key":"2026wayak","name":"PNW District SunDome Event","short_name":"SunDome","week":2,"start_date":"2026-03-19","end_date":"2026-03-21","city":"Yakima","state_prov":"WA","country":"USA","event_type":1,"event_type_string":"District","region":"Pacific Northwest"},{"key":"2026orwil","name":"PNW District Wilsonville Event","short_name":"Wilsonville","week":1,"start_date":"2026-03-13","end_date":"2026-03-15","city":"Wilsonville","state_prov":"OR","country":"USA","event_type":1,"event_type_string":"District","region":"Pacific Northwest"},{"key":"2026brba","name":"Regional Brazil - Festival SESI de Educa\u00e7\u00e3o","short_name":"Regional Brazil - Festival SESI de Educa\u00e7\u00e3o","week":0,"start_date":"2026-03-05","end_date":"2026-03-08","city":"S\u00e3o Paulo","state_prov":"SP","country":"Brazil","event_type":0,"event_type_string":"Regional","region":"International"},{"key":"2026brsp","name":"Regional Brazil - SESI Osasco","short_name":"Regional Brazil - SESI Osasco","week":1,"start_date":"2026-03-12","end_date":"2026-03-15","city":"Osasco","state_prov":"SP","country":"Brazil","event_type":0,"event_type_string":"Regional","region":"International"},{"key":"2026mxto","name":"Regional Laguna presented by Pe\u00f1oles","short_name":"Regional Laguna","week":3,"start_date":"2026-03-25","end_date":"2026-03-28","city":"Torre\u00f3n","state_prov":"COA","country":"Mexico","event_type":0,"event_type_string":"Regional","region":"International"},{"key":"2026mxmo","name":"Regional Monterrey presented by PrepaTec","short_name":"Regional Monterrey","week":1,"start_date":"2026-03-11","end_date":"2026-03-14","city":"Monterrey","state_prov":"MEX","country":"Mexico","event_type":0,"event_type_string":"Regional","region":"International"},{"key":"2026alhu","name":"Rocket City Regional","short_name":"Rocket City","week":5,"start_date":"2026-04-08","end_date":"2026-04-11","city":"Huntsville","state_prov":"AL","country":"USA","event_type":0,"event_type_string":"Regional","region":"Southeast"},{"key":"2026cnsh","name":"Shanghai Regional","short_name":"Shanghai","week":1,"start_date":"2026-03-12","end_date":"2026-03-15","city":"Minhang District","state_prov":"SH","country":"China","event_type":0,"event_type_string":"Regional","region":"China"},{"key":"2026tnkn","name":"Smoky Mountains Regional","short_name":"Smoky Mountains","week":2,"start_date":"2026-03-18","end_date":"2026-03-21","city":"Sevierville","state_prov":"TN","country":"USA","event_type":0,"event_type_string":"Regional","region":"Southeast"},{"key":"2026flwp","name":"South Florida Regional","short_name":"South Florida","week":5,"start_date":"2026-04-08","end_date":"2026-04-11","city":"Coral Gables","state_prov":"FL","country":"USA","event_type":0,"event_type_string":"Regional","region":"Southeast"},{"key":"2026ausc","name":"Southern Cross Regional","short_name":"Southern Cross","week":1,"start_date":"2026-03-12","end_date":"2026-03-15","city":"Cambridge Park","state_prov":"NSW","country":"Australia","event_type":0,"event_type_string":"Regional","region":"Australia"},{"key":"2026mosl","name":"St. Louis Regional","short_name":"St. Louis","week":3,"start_date":"2026-03-25","end_date":"2026-03-28","city":"St. Louis","state_prov":"MO","country":"USA","event_type":0,"event_type_string":"Regional","region":"Midwest"},{"key":"2026flta","name":"Tallahassee Regional","short_name":"Tallahassee","week":6,"start_date":"2026-04-15","end_date":"2026-04-18","city":"Tallahassee","state_prov":"FL","country":"USA","event_type":0,"event_type_string":"Regional","region":"Southeast"},{"key":"2026utwv","name":"Utah Regional","short_name":"Utah","week":6,"start_date":"2026-04-16","end_date":"2026-04-18","city":"West Valley City","state_prov":"UT","country":"USA","event_type":0,"event_type_string":"Regional","region":"Mountain"},{"key":"2026wiapp","name":"WIN District Appleton Event","short_name":"Appleton","week":2,"start_date":"2026-03-20","end_date":"2026-03-22","city":"Appleton","state_prov":"WI","country":"USA","event_type":1,"event_type_string":"District","region":"FIRST Wisconsin"},{"key":"2026wiply","name":"WIN District Lakeland Event","short_name":"Lakeland","week":0,"start_date":"2026-03-06","end_date":"2026-03-08","city":"Plymouth","state_prov":"WI","country":"USA","event_type":1,"event_type_string":"District","region":"FIRST Wisconsin"},{"key":"2026wimuk","name":"WIN District Mukwonago Event","short_name":"Mukwonago","week":3,"start_date":"2026-03-27","end_date":"2026-03-29","city":"Mukwonago","state_prov":"WI","country":"USA","event_type":1,"event_type_string":"District","region":"FIRST Wisconsin"},{"key":"2026wilax","name":"WIN District Seven Rivers Event","short_name":"Seven Rivers","week":4,"start_date":"2026-04-02","end_date":"2026-04-04","city":"La Crosse","state_prov":"WI","country":"USA","event_type":1,"event_type_string":"District","region":"FIRST Wisconsin"},{"key":"2026tuis4","name":"Yeditepe Regional","short_name":"Yeditepe","week":1,"start_date":"2026-03-09","end_date":"2026-03-11","city":"Ba\u015fak\u015fehir / \u0130stanbul","state_prov":"34","country":"T\u00fcrkiye","event_type":0,"event_type_string":"Regional","region":"T\u00fcrkiye"}]